record_id,family,system,variant,mutation_class,transfer_step,isotope_pair,rate_class,T_ref_K,T_range_C,KIE_ref,KIE_se,KIE_source,A_ratio,A_ratio_se,delta_E_kcal_mol,delta_E_se_kcal_mol,rate_ref,rate_se,rate_unit,DAD_value,DAD_sd,DAD_unit,DAD_provenance,aux_metric,aux_value,aux_sd,aux_unit,source_DOI,PMCID,source_table,notes
1,FDH,Candida boidinii formate dehydrogenase,WT,wild_type,hydride,H/T,competitive_V_over_K,298.15,5-45,,,reconstructed_from_Arrhenius,7.0,2.0,0.0,0.2,,,,3.14,0.06,angstrom,crystallographic,,,,,10.1021/acscatal.9b03345,PMC8118594,Table 1,DAD is a crystallographic donor-acceptor analogue distance measured independently of kinetics.
2,FDH,Candida boidinii formate dehydrogenase,V123A,backstop_cavity,hydride,H/T,competitive_V_over_K,298.15,5-45,,,reconstructed_from_Arrhenius,0.8,0.2,1.8,0.2,,,,3.32,0.06,angstrom,crystallographic,,,,,10.1021/acscatal.9b03345,PMC8118594,Table 1,
3,FDH,Candida boidinii formate dehydrogenase,V123G,backstop_cavity,hydride,H/T,competitive_V_over_K,298.15,5-45,,,reconstructed_from_Arrhenius,0.03,0.02,3.7,0.4,,,,3.34,0.01,angstrom,crystallographic,,,,,10.1021/acscatal.9b03345,PMC8118594,Table 1,
4,ecDHFR,Escherichia coli dihydrofolate reductase,WT,wild_type,hydride,H/T,competitive_V_over_K,298.15,5-45,,,reconstructed_from_Arrhenius,7.0,1.5,-0.1,0.2,228,8,s^-1,3.06,0.08,angstrom,KIE_model_fit,,,,,10.1021/ja209425w,PMC4341912,Table 1,Same WT value is reported in the I14 series and the network series from the same laboratory; DAD is fitted from the KIE temperature dependence and is therefore NOT independent of the kinetics.
5,ecDHFR,Escherichia coli dihydrofolate reductase,I14V,backstop_cavity,hydride,H/T,competitive_V_over_K,298.15,5-45,,,reconstructed_from_Arrhenius,4.2,0.4,0.27,0.05,33.3,3.1,s^-1,,,,none,,,,,10.1021/ja209425w,PMC4341912,Table 1,
6,ecDHFR,Escherichia coli dihydrofolate reductase,I14A,backstop_cavity,hydride,H/T,competitive_V_over_K,298.15,5-45,,,reconstructed_from_Arrhenius,4.7,0.5,0.39,0.06,5.7,0.3,s^-1,,,,none,,,,,10.1021/ja209425w,PMC4341912,Table 1,
7,ecDHFR,Escherichia coli dihydrofolate reductase,I14G,backstop_cavity,hydride,H/T,competitive_V_over_K,298.15,5-45,,,reconstructed_from_Arrhenius,0.024,0.003,3.31,0.07,0.22,0.04,s^-1,,,,none,,,,,10.1021/ja209425w,PMC4341912,Table 1,
8,ecDHFR,Escherichia coli dihydrofolate reductase,W133F,remote_single,hydride,H/T,competitive_V_over_K,298.15,5-45,,,reconstructed_from_Arrhenius,5.8,0.8,-0.01,0.08,88,1,s^-1,,,,none,,,,,10.1021/ja411998h,PMC3985941,Table 1,
9,ecDHFR,Escherichia coli dihydrofolate reductase,G121V,remote_single,hydride,H/T,competitive_V_over_K,298.15,5-45,,,reconstructed_from_Arrhenius,7.4,1.6,0.23,0.03,1.4,0.2,s^-1,,,,none,,,,,10.1021/ja411998h,PMC3985941,Table 1,
10,ecDHFR,Escherichia coli dihydrofolate reductase,M42W,remote_single,hydride,H/T,competitive_V_over_K,298.15,5-45,,,reconstructed_from_Arrhenius,2.8,0.2,0.58,0.04,5.6,0.4,s^-1,,,,none,,,,,10.1021/ja411998h,PMC3985941,Table 1,
11,ecDHFR,Escherichia coli dihydrofolate reductase,F125M,remote_single,hydride,H/T,competitive_V_over_K,298.15,5-45,,,reconstructed_from_Arrhenius,1.9,0.3,0.96,0.09,5.44,0.03,s^-1,,,,none,,,,,10.1021/ja411998h,PMC3985941,Table 1,
12,ecDHFR,Escherichia coli dihydrofolate reductase,G121V-F125M,remote_double,hydride,H/T,competitive_V_over_K,298.15,5-45,,,reconstructed_from_Arrhenius,0.03,0.004,3.4,0.1,3.76,0.04,s^-1,,,,none,,,,,10.1021/ja411998h,PMC3985941,Table 1,
13,ecDHFR,Escherichia coli dihydrofolate reductase,M42W-G121V,remote_double,hydride,H/T,competitive_V_over_K,298.15,5-45,,,reconstructed_from_Arrhenius,0.1,0.1,3.6,0.3,0.03,0.01,s^-1,,,,none,,,,,10.1021/ja411998h,PMC3985941,Table 1,
14,ecDHFR,Escherichia coli dihydrofolate reductase,M42W-F125M,remote_double,hydride,H/T,competitive_V_over_K,298.15,5-45,,,reconstructed_from_Arrhenius,0.01,0.003,4.0,0.2,0.45,0.02,s^-1,,,,none,,,,,10.1021/ja411998h,PMC3985941,Table 1,
15,ecDHFR,Escherichia coli dihydrofolate reductase,heavy-DHFR high-T regime,mass_modulated,hydride,H/T,competitive_V_over_K,308.15,25-45,,,reconstructed_from_Arrhenius,5.6,1.9,0.1,0.2,,,,3.06,0.0008,angstrom,KIE_model_fit,,,,,10.1021/ja501936d,PMC4063187,Table 3,Isotopically heavy (13C 15N 2H) enzyme; DAD fitted from KIE temperature dependence. The quoted 0.0008 A precision is a fit artefact not a measurement uncertainty.
16,ecDHFR,Escherichia coli dihydrofolate reductase,heavy-DHFR low-T regime,mass_modulated,hydride,H/T,competitive_V_over_K,288.15,5-25,,,reconstructed_from_Arrhenius,0.01,0.003,4.1,0.3,,,,3.36,0.01,angstrom,KIE_model_fit,,,,,10.1021/ja501936d,PMC4063187,Table 3,Same protein as record 15 below the reported break; demonstrates that one enzyme occupies two very different ICIG coordinates.
17,hsDHFR,Homo sapiens dihydrofolate reductase,WT,wild_type,hydride,H/T,competitive_V_over_K,298.15,5-45,,,reconstructed_from_Arrhenius,6.6,0.8,-0.1,0.1,,,,3.05,0.01,angstrom,KIE_model_fit,,,,,10.1021/acs.biochem.1c00558,PMC8697555,Table 2,pH 9.0.
18,hsDHFR,Homo sapiens dihydrofolate reductase,F32M,backstop_cavity,hydride,H/T,competitive_V_over_K,298.15,5-45,,,reconstructed_from_Arrhenius,0.2,0.1,2.8,0.2,,,,3.20,0.01,angstrom,KIE_model_fit,,,,,10.1021/acs.biochem.1c00558,PMC8697555,Table 2,
19,hsDHFR,Homo sapiens dihydrofolate reductase,F32L,backstop_cavity,hydride,H/T,competitive_V_over_K,298.15,5-45,,,reconstructed_from_Arrhenius,0.1,0.1,6.5,0.3,,,,3.48,0.02,angstrom,KIE_model_fit,,,,,10.1021/acs.biochem.1c00558,PMC8697555,Table 2,
20,hsDHFR,Homo sapiens dihydrofolate reductase,F32L-PP26N-PEKN62G,loop_chimera,hydride,H/T,competitive_V_over_K,298.15,5-45,,,reconstructed_from_Arrhenius,19.3,6.7,-0.01,0.2,,,,3.10,0.01,angstrom,KIE_model_fit,,,,,10.1021/acs.biochem.1c00558,PMC8697555,Table 2,
21,hsDHFR,Homo sapiens dihydrofolate reductase,d62-PEKN,loop_chimera,hydride,H/T,competitive_V_over_K,298.15,5-45,,,reconstructed_from_Arrhenius,3.1,0.3,0.5,0.1,,,,3.10,0.01,angstrom,KIE_model_fit,,,,,10.1021/acs.biochem.1c00558,PMC8697555,Table 2,
22,hsDHFR,Homo sapiens dihydrofolate reductase,d26-PPLR-d62-PEKN,loop_chimera,hydride,H/T,competitive_V_over_K,298.15,5-45,,,reconstructed_from_Arrhenius,5.2,0.5,0.1,0.1,,,,3.05,0.01,angstrom,KIE_model_fit,,,,,10.1021/acs.biochem.1c00558,PMC8697555,Table 2,
23,TSase,Escherichia coli thymidylate synthase,WT,wild_type,hydride,H/T,competitive_V_over_K,298.15,5-35,,,reconstructed_from_Arrhenius,5.6,1.8,0.2,0.1,,,,,,,none,,,,,10.1371/journal.pone.0196506,PMC5929524,Table 3,
24,TSase,Homo sapiens thymidylate synthase,WT,wild_type,hydride,H/T,competitive_V_over_K,298.15,5-35,,,reconstructed_from_Arrhenius,2.2,0.2,0.5,0.1,,,,,,,none,,,,,10.1371/journal.pone.0196506,PMC5929524,Table 3,Replicate-level observed H/T and D/T KIEs for this record are in hstsase_competitive_kies.csv.
25,TSase,Escherichia coli thymidylate synthase,WT,wild_type,proton,H/T,competitive_V_over_K,298.15,5-35,,,reconstructed_from_Arrhenius,8.3e-06,1.3e-06,8.0,0.1,,,,,,,none,,,,,10.1371/journal.pone.0196506,PMC5929524,Table 3,Extreme prefactor deflation on the proton-abstraction step.
26,TSase,Homo sapiens thymidylate synthase,WT,wild_type,proton,H/T,competitive_V_over_K,298.15,5-35,,,reconstructed_from_Arrhenius,3.6e-04,2.3e-04,6.0,0.4,,,,,,,none,,,,,10.1371/journal.pone.0196506,PMC5929524,Table 3,
27,TSase,Escherichia coli thymidylate synthase,WT replicate study,wild_type,hydride,H/T,competitive_V_over_K,298.15,5-35,,,reconstructed_from_Arrhenius,6.8,2.8,0.02,0.25,,,,,,,none,,,,,10.3390/ijms16047304,PMC4425018,Table 1,Independent remeasurement of record 23; retained to estimate between-study reproducibility. Source sign convention is Ea(H)-Ea(T); converted here to Ea(T)-Ea(H).
28,TSase,Escherichia coli thymidylate synthase,Y209W,active_site,hydride,H/T,competitive_V_over_K,298.15,5-35,,,reconstructed_from_Arrhenius,3.6,0.9,0.5,0.1,,,,,,,none,,,,,10.3390/ijms16047304,PMC4425018,Table 1,
29,TSase,Escherichia coli thymidylate synthase,WT replicate study,wild_type,proton,H/T,competitive_V_over_K,298.15,5-35,,,reconstructed_from_Arrhenius,8.3e-06,1.0e-06,8.0,0.1,,,,,,,none,,,,,10.3390/ijms16047304,PMC4425018,Table 1,
30,TSase,Escherichia coli thymidylate synthase,Y209W,active_site,proton,H/T,competitive_V_over_K,298.15,5-35,,,reconstructed_from_Arrhenius,1.4e-06,0.1e-06,7.70,0.40,,,,,,,none,,,,,10.3390/ijms16047304,PMC4425018,Table 1,
31,R67DHFR,R67 plasmid-encoded dihydrofolate reductase,high ionic strength,ionic_strength,hydride,H/T,competitive_V_over_K,298.15,5-45,,,reconstructed_from_Arrhenius,1.49,0.08,0.80,0.03,,,,,,,none,,,,,10.1021/bi901168k,PMC2824884,text,Structurally unrelated to chromosomal DHFR; included as a mechanistic outgroup.
32,R67DHFR,R67 plasmid-encoded dihydrofolate reductase,low ionic strength,ionic_strength,hydride,H/T,competitive_V_over_K,298.15,5-45,,,reconstructed_from_Arrhenius,1.36,0.07,0.87,0.03,,,,,,,none,,,,,10.1021/bi901168k,PMC2824884,text,
33,SLO,Soybean lipoxygenase-1,WT,wild_type,PCET,H/D,kcat,303.15,5-50,81.0,,source_reported,,,0.9,0.2,297,,s^-1,2.85,,angstrom,KIE_model_fit,MD_pocket_volume,105,17,angstrom^3,10.1021/acs.jpclett.8b02945,PMC6402330,Tables 1-2,delta_E uncertainty and equilibrium DAD R0 transcribed from the compiled table in PMC6258190; R0 is a fitted nonadiabatic-PCET parameter and is NOT independent of the KIE temperature dependence.
34,SLO,Soybean lipoxygenase-1,I553V,backstop_cavity,PCET,H/D,kcat,303.15,5-50,77.0,,source_reported,,,2.6,0.5,91,,s^-1,2.97,,angstrom,KIE_model_fit,MD_pocket_volume,101,17,angstrom^3,10.1021/acs.jpclett.8b02945,PMC6402330,Tables 1-2,
35,SLO,Soybean lipoxygenase-1,I553A,backstop_cavity,PCET,H/D,kcat,303.15,5-50,93.0,,source_reported,,,4.0,0.3,280,,s^-1,3.04,,angstrom,KIE_model_fit,MD_pocket_volume,134,24,angstrom^3,10.1021/acs.jpclett.8b02945,PMC6402330,Tables 1-2,Matched-KIE pair member with L546A.
36,SLO,Soybean lipoxygenase-1,I553G,backstop_cavity,PCET,H/D,kcat,303.15,5-50,178.0,,source_reported,,,5.3,0.7,58,,s^-1,3.32,,angstrom,KIE_model_fit,MD_pocket_volume,129,27,angstrom^3,10.1021/acs.jpclett.8b02945,PMC6402330,Tables 1-2,
37,SLO,Soybean lipoxygenase-1,L546A,substrate_gate,PCET,H/D,kcat,303.15,5-50,93.0,,source_reported,,,1.9,,4.8,,s^-1,,,,none,MD_pocket_volume,138,24,angstrom^3,10.1021/acs.jpclett.8b02945,PMC6402330,Tables 1-2,Matched-KIE pair member with I553A. No delta_E uncertainty is reported for the gate mutants.
38,SLO,Soybean lipoxygenase-1,L754A,substrate_gate,PCET,H/D,kcat,303.15,5-50,112.0,,source_reported,,,2.0,,0.31,,s^-1,,,,none,MD_pocket_volume,130,22,angstrom^3,10.1021/acs.jpclett.8b02945,PMC6402330,Tables 1-2,
39,SLO,Soybean lipoxygenase-1,L546A/L754A,substrate_gate,PCET,H/D,kcat,303.15,5-50,692.0,,source_reported,,,0.3,,0.025,,s^-1,,,,none,MD_pocket_volume,171,26,angstrom^3,10.1021/acs.jpclett.8b02945,PMC6402330,Tables 1-2,
40,SLO,Soybean lipoxygenase-1,I553L,backstop_cavity,PCET,H/D,kcat,303.15,5-50,,,not_reported,,,3.4,0.6,,,,3.07,,angstrom,KIE_model_fit,,,,,10.1021/acs.accounts.8b00286,PMC6258190,Table 4,"DAD/energetics-only record: no KIE or rate transcribed, so it enters the structural analysis but not the phase plane."
41,ht-ADH,Thermophilic alcohol dehydrogenase,WT,wild_type,hydride,H/D,kcat,303.15,30-65,3.1,0.2,source_reported,,,0.2,0.2,25,3,s^-1,,,,none,,,,,10.1021/bi3001352,PMC3498984,Tables 1-2,KIE measured at 30 C at the reported dynamical break; delta_E is the above-break value. Coordinates mix two kinetic regimes and are flagged regime_mixed.
42,ht-ADH,Thermophilic alcohol dehydrogenase,L176V,backstop_cavity,hydride,H/D,kcat,303.15,30-65,4.1,0.4,source_reported,,,1.3,1.1,1.7,0.1,s^-1,,,,none,,,,,10.1021/bi3001352,PMC3498984,Tables 1-2,
43,ht-ADH,Thermophilic alcohol dehydrogenase,L176A,backstop_cavity,hydride,H/D,kcat,303.15,30-65,4.1,0.6,source_reported,,,1.4,0.9,2.8,0.3,s^-1,,,,none,,,,,10.1021/bi3001352,PMC3498984,Tables 1-2,
44,ht-ADH,Thermophilic alcohol dehydrogenase,L176G,backstop_cavity,hydride,H/D,kcat,303.15,30-65,4.0,1.1,source_reported,,,1.2,1.0,7.7,1.4,s^-1,,,,none,,,,,10.1021/bi3001352,PMC3498984,Tables 1-2,
45,ht-ADH,Thermophilic alcohol dehydrogenase,L176 deletion,backstop_cavity,hydride,H/D,kcat,303.15,30-65,4.4,1.4,source_reported,,,1.7,0.4,0.43,0.1,s^-1,,,,none,,,,,10.1021/bi3001352,PMC3498984,Tables 1-2,
46,ht-ADH,Thermophilic alcohol dehydrogenase,V260A,backstop_cavity,hydride,H/D,kcat,303.15,40-65,4.1,0.4,source_reported,,,1.9,1.0,2.4,0.2,s^-1,,,,none,,,,,10.1021/bi3001352,PMC3498984,Tables 1-2,
47,BsDHFR,Geobacillus stearothermophilus dihydrofolate reductase,WT,wild_type,hydride,H/D,pre_steady_state,293.15,5-40,3.44,0.17,source_reported,0.87,0.02,0.788719,0.239006,102,5,s^-1,,,,none,,,,,10.1021/bi500238q,PMC4065160,Table 5,delta_E converted from 3.3 +/- 1.0 kJ/mol.
48,BsDHFR,Geobacillus stearothermophilus dihydrofolate reductase,L20M,thermal_network,hydride,H/D,pre_steady_state,293.15,5-40,2.80,0.16,source_reported,1.10,0.05,0.549713,0.430210,16.7,0.1,s^-1,,,,none,,,,,10.1021/bi500238q,PMC4065160,Table 5,delta_E converted from 2.3 +/- 1.8 kJ/mol.
49,BsDHFR,Geobacillus stearothermophilus dihydrofolate reductase,A104Q,thermal_network,hydride,H/D,pre_steady_state,293.15,5-40,2.00,0.19,source_reported,0.18,0.01,1.386233,0.239006,125,8,s^-1,,,,none,,,,,10.1021/bi500238q,PMC4065160,Table 5,delta_E converted from 5.8 +/- 1.0 kJ/mol.
50,BsDHFR,Geobacillus stearothermophilus dihydrofolate reductase,L20M/A104Q,thermal_network,hydride,H/D,pre_steady_state,293.15,5-40,1.90,0.08,source_reported,0.38,0.01,0.932122,0.239006,19.0,0.1,s^-1,,,,none,,,,,10.1021/bi500238q,PMC4065160,Table 5,delta_E converted from 3.9 +/- 1.0 kJ/mol.
51,BsDHFR,Geobacillus stearothermophilus dihydrofolate reductase,P122E,thermal_network,hydride,H/D,pre_steady_state,293.15,5-40,2.02,0.12,source_reported,0.52,0.02,0.788719,0.454111,84.8,3.7,s^-1,,,,none,,,,,10.1021/bi500238q,PMC4065160,Table 5,delta_E converted from 3.3 +/- 1.9 kJ/mol.
52,BsDHFR,Geobacillus stearothermophilus dihydrofolate reductase,P129D,thermal_network,hydride,H/D,pre_steady_state,293.15,5-40,2.05,0.10,source_reported,0.38,0.02,0.979924,0.478011,86.4,3.8,s^-1,,,,none,,,,,10.1021/bi500238q,PMC4065160,Table 5,delta_E converted from 4.1 +/- 2.0 kJ/mol.
53,BsDHFR,Geobacillus stearothermophilus dihydrofolate reductase,P122E/P129D,thermal_network,hydride,H/D,pre_steady_state,293.15,5-40,1.89,0.08,source_reported,0.26,0.01,1.171128,0.239006,92.2,3.3,s^-1,,,,none,,,,,10.1021/bi500238q,PMC4065160,Table 5,delta_E converted from 4.9 +/- 1.0 kJ/mol.
54,PTDH,Engineered phosphite dehydrogenase 17X,17X parent,engineered_parent,hydride,H/D,kcat,298.15,5-45,2.27,0.05,source_reported,1.60,0.09,0.21,0.05,2.53,0.07,s^-1,,,,none,,,,,10.1021/acs.biochem.9b00732,PMC6852621,Table 1,
55,PHM,Peptidylglycine alpha-hydroxylating monooxygenase,WT,wild_type,HAT,H/D,kcat,308.15,10-45,10.4,0.3,source_reported,5.9,3.2,0.37,0.33,870,60,s^-1,,,,none,,,,,10.1021/acs.accounts.8b00286,PMC6258190,Table 2,Copper monooxygenase C-H activation; mechanistic outgroup for the H/D stratum.
