family,variant,T_C,K_HT,K_HT_se,K_DT,K_DT_se,exp_pub,exp_pub_se,source
YADH,wild type,25,1.350,0.015,1.030,0.006,10.2,2.4,Cha1989
LADH,wild type,25,1.335,0.003,1.073,0.008,4.10,0.44,Bahnson1993
LADH,ESE chimera,25,1.332,0.004,1.075,0.003,3.96,0.16,Bahnson1993
LADH,L57V,25,1.332,0.003,1.065,0.011,4.55,0.75,Bahnson1993
LADH,L57F,25,1.318,0.007,1.033,0.004,8.50,0.99,Bahnson1993
LADH,F93W,25,1.333,0.004,1.048,0.004,6.13,0.50,Bahnson1993
LADH,V203L,25,1.380,0.005,1.074,0.004,4.5,0.2,Bahnson1997
LADH,V203A,25,1.316,0.006,1.058,0.004,4.9,0.3,Bahnson1997
LADH,V203A-F93W,25,1.325,0.004,1.075,0.004,3.9,0.2,Bahnson1997
LADH,V203G,25,1.358,0.007,1.097,0.007,3.3,0.2,Bahnson1997
