family,variant,source,K_HT,K_DT,gamma_obs,L_H,F_min,sd,lcb,open_set,excl_gated,excl_semiclassical
LADH,wild type,Bahnson1993,7.149,1.894,3.079693471350527,6.878076062639821,-0.1719183153990127,0.02325037179889616,-0.21016517700819687,True,False,False
LADH,ESE chimera,Bahnson1993,7.593,1.872,3.233178493877272,7.560779816513761,-0.07253716071302696,0.011734056195629792,-0.09183968315483797,True,False,False
LADH,L57V,Bahnson1993,7.55,1.902,3.144390744637032,7.261640798226164,-0.1314586081201501,0.03718775948425499,-0.19263247247174956,True,False,False
LADH,L57F,Bahnson1993,7.308,1.827,3.3002343270326278,7.627569528415962,-0.029309338475445035,0.016067677398717138,-0.05574066779633473,True,False,False
LADH,F93W,Bahnson1993,7.755,1.858,3.306433703334912,7.872960372960372,-0.026287072899318975,0.010021891050516651,-0.04277308367741887,True,False,False
LADH,V203L,Bahnson1997,7.82,1.89,3.2308504812481154,7.662921348314608,-0.07512618920905556,0.020460080850665422,-0.10878302220840018,True,False,False
LADH,V203A,Bahnson1997,7.24,1.88,3.135925411240977,7.090909090909092,-0.1344236262908063,0.03657742562620354,-0.1945934914459111,True,False,False
LADH,V203A-F93W,Bahnson1997,7.65,1.91,3.144329243917434,7.307692307692308,-0.13235664652496792,0.0359330725876484,-0.19146655093164955,True,False,False
LADH,V203G,Bahnson1997,7.53,1.9,3.1454121963040507,7.255555555555556,-0.1305878610863953,0.018070278957737055,-0.16031346997187276,True,False,False
YADH,wild type,Cha1989,7.13,1.73,3.583715585506978,8.397260273972602,0.12872587506981215,0.0399406410663189,0.06302352051571755,True,True,True
