rho,family,variant,step,point,lcb,lcb_mc_sd,sd_stat,p_above_F0,frac_uninformative,refutes
-1.0,FDH,V123A,hydride,-0.39694193865462046,-0.44494921977910895,1.4174330059551835e-05,0.02062884709819206,0.0,0.0,False
-1.0,FDH,V123G,hydride,-0.32202134690521356,-0.3914801660785502,2.0507944903399792e-05,0.029806251642932973,0.0,0.0,False
-1.0,MAOB,pH 6.1,abstraction,-0.17198507701379695,-0.41748082594115565,0.0001892376632226254,0.10688146540698903,0.5554362,0.0,False
-1.0,MAOB,pH 7.5,abstraction,-0.1944240774291992,-0.43828214810436467,0.00035265559998614215,0.110363928808016,0.1706142,0.0,False
-1.0,TSase,WT,hydride,-0.4610664798144972,-0.5096310338313377,7.225823148892429e-05,0.018452227034126637,0.0,0.0,False
-1.0,TSase,WT,proton,-0.2724914014740828,-0.3428402226606764,0.00011340433982992132,0.028696046432721216,0.0,0.0,False
-1.0,TSase,Y209W,proton,-0.1600380961866379,-0.33887432767284487,0.00031509615456176097,0.09319418250462312,0.21325460000000002,0.0,False
-1.0,ecDHFR,F125M,hydride,-0.16805344758000218,-0.22195972821240276,1.5916059787678245e-05,0.022722707625035705,4e-07,0.0,False
-1.0,ecDHFR,G121V-F125M,hydride,-0.07395256315083953,-0.19170159582072652,2.7653657561015442e-05,0.061753685844236884,0.3175446,0.0,False
-1.0,ecDHFR,M42W-F125M,hydride,-0.10265370195538925,-0.26225994017219784,4.712428066337512e-05,0.06704809983066269,0.1887258,0.0,False
-1.0,ecDHFR,W133F,hydride,-0.05962344558823851,-0.15869842170476037,0.00013167950855646498,0.09358120758853661,0.643481,0.0,False
-1.0,ecDHFR,heavy enzyme,hydride,-0.15761486914159617,-0.2771125858028601,0.00010865125869361402,0.09071450273549804,0.23336579999999998,0.0,False
-1.0,ecDHFR,light enzyme,hydride,-0.07594151931954118,-0.14525484128886132,8.460023730136811e-05,0.03825714286454121,0.3915466,0.0,False
-1.0,hsDHFR,F32L,hydride,-0.27837528198666506,-0.37894735072678687,0.0001631706716111389,0.10178543159151916,0.0668612,0.0,False
-1.0,hsDHFR,F32L-PP26N-PEKN62G,hydride,-0.693701076650991,-0.7683726558678863,9.604982587544819e-05,0.03827973189602172,0.0,0.0,False
-1.0,hsDHFR,F32M,hydride,-0.878237958085893,-1.1617715342992265,0.000483022853732553,0.07651101518362967,0.0,0.0,False
-1.0,hsDHFR,d26-PPLR-d62-PEKN,hydride,-0.13434795309016634,-0.19570437542982547,6.88314733409775e-05,0.023134107585960396,0.0016497999999999999,0.0,False
-1.0,hsDHFR,d62-PEKN,hydride,-0.23681461930954661,-0.308392837521485,0.0001420122233410363,0.036335563866056256,0.0019628,0.0,False
0.0,FDH,V123A,hydride,-0.39694193865462046,-0.438000260243241,3.8574425601707286e-05,0.01765309372336925,0.0,0.0,False
0.0,FDH,V123G,hydride,-0.32202134690521356,-0.37181799382270175,4.589187634105362e-05,0.02139640898859003,0.0,0.0,False
0.0,MAOB,pH 6.1,abstraction,-0.17198507701379695,-0.34690934593353007,0.0002247202333221717,0.08892521199431233,0.3789128,0.0,False
0.0,MAOB,pH 7.5,abstraction,-0.1944240774291992,-0.39889898675985613,0.000354537790990541,0.09018757396742474,0.09907,0.0,False
0.0,TSase,WT,hydride,-0.4610664798144972,-0.5003867511041081,5.2649396658951836e-05,0.01597479973590426,0.0,0.0,False
0.0,TSase,WT,proton,-0.2724914014740828,-0.32176060895969316,4.630638911437774e-05,0.020805912597239254,0.0,0.0,False
0.0,TSase,Y209W,proton,-0.1600380961866379,-0.3106369872924778,0.00014148017424563835,0.07237598661009584,0.12522760000000002,0.0,False
0.0,ecDHFR,F125M,hydride,-0.16805344758000218,-0.21225582222318168,6.032285152106504e-05,0.01879248733003719,4e-07,0.0,False
0.0,ecDHFR,G121V-F125M,hydride,-0.07395256315083953,-0.18351158314556376,1.1965818880498107e-05,0.055660903241781155,0.29470339999999995,0.0,False
0.0,ecDHFR,M42W-F125M,hydride,-0.10265370195538925,-0.24768467291975624,5.8103679704126075e-05,0.061513910865854074,0.1658518,0.0,False
0.0,ecDHFR,W133F,hydride,-0.05962344558823851,-0.1469949901568574,0.0001410201890715192,0.0854522315624892,0.6278933999999999,0.0,False
0.0,ecDHFR,heavy enzyme,hydride,-0.15761486914159617,-0.26005977928895574,0.00014269517176518105,0.08405867375063471,0.20827420000000002,0.0,False
0.0,ecDHFR,light enzyme,hydride,-0.07594151931954118,-0.12910635289178077,7.792831243117435e-05,0.028623793004498528,0.23644880000000001,0.0,False
0.0,hsDHFR,F32L,hydride,-0.27837528198666506,-0.3597060872674178,0.00012369312964089255,0.07033196723317794,0.0225164,0.0,False
0.0,hsDHFR,F32L-PP26N-PEKN62G,hydride,-0.693701076650991,-0.7546679742336618,6.482155399111186e-05,0.02797630706907351,0.0,0.0,False
0.0,hsDHFR,F32M,hydride,-0.878237958085893,-1.0930270315296968,0.00013867494824906104,0.05833999110148887,0.0,0.0,False
0.0,hsDHFR,d26-PPLR-d62-PEKN,hydride,-0.13434795309016634,-0.18532960419051075,5.289627309173985e-05,0.019486255900887216,0.00021420000000000003,0.0,False
0.0,hsDHFR,d62-PEKN,hydride,-0.23681461930954661,-0.2903582185199381,0.00012271092755363174,0.032270304758752345,0.0006226000000000001,0.0,False
0.5,FDH,V123A,hydride,-0.39694193865462046,-0.4340376053106466,4.3247072614292835e-05,0.01595671699339195,0.0,0.0,False
0.5,FDH,V123G,hydride,-0.32202134690521356,-0.3582070020539506,3.5978247164576864e-05,0.015549028883752408,0.0,0.0,False
0.5,MAOB,pH 6.1,abstraction,-0.17198507701379695,-0.29714005888936973,7.396727898516534e-05,0.07927606698887979,0.26291499999999995,0.0,False
0.5,MAOB,pH 7.5,abstraction,-0.1944240774291992,-0.3757994951097149,0.00016030284899702698,0.07862254885740934,0.0599132,0.0,False
0.5,TSase,WT,hydride,-0.4610664798144972,-0.4948473216466108,5.756652826767449e-05,0.014288614792448692,0.0,0.0,False
0.5,TSase,WT,proton,-0.2724914014740828,-0.30768084167362925,4.1990782629939984e-05,0.015182639950687032,0.0,0.0,False
0.5,TSase,Y209W,proton,-0.1600380961866379,-0.29417204776520167,9.332127554941499e-05,0.05977029705043894,0.0679298,0.0,False
0.5,ecDHFR,F125M,hydride,-0.16805344758000218,-0.20649214848741057,4.8876243346570234e-05,0.016415921796743626,2e-07,0.0,False
0.5,ecDHFR,G121V-F125M,hydride,-0.07395256315083953,-0.17768041921113018,1.6845336543245673e-05,0.05211413313666752,0.2795598,0.0,False
0.5,ecDHFR,M42W-F125M,hydride,-0.10265370195538925,-0.2398148249068829,7.051190141757103e-05,0.05842794794025086,0.1524606,0.0,False
0.5,ecDHFR,W133F,hydride,-0.05962344558823851,-0.140510114625139,0.00016754989524116513,0.08102199352945802,0.618409,0.0,False
0.5,ecDHFR,heavy enzyme,hydride,-0.15761486914159617,-0.2503413034771168,0.0001321773823194215,0.08047191586508962,0.19553920000000002,0.0,False
0.5,ecDHFR,light enzyme,hydride,-0.07594151931954118,-0.1187928784770409,6.17080139083577e-05,0.022627109126775968,0.1342374,0.0,False
0.5,hsDHFR,F32L,hydride,-0.27837528198666506,-0.3488394887604537,0.00010488073196245747,0.05036690425369498,0.004963,0.0,False
0.5,hsDHFR,F32L-PP26N-PEKN62G,hydride,-0.693701076650991,-0.7463359921402948,4.2476471918100285e-05,0.02047273016762527,0.0,0.0,False
0.5,hsDHFR,F32M,hydride,-0.878237958085893,-1.029590561528831,0.0003186696563694333,0.04449689006275036,0.0,0.0,False
0.5,hsDHFR,d26-PPLR-d62-PEKN,hydride,-0.13434795309016634,-0.17928781198628124,9.20246132035368e-05,0.01740828556210469,3.26e-05,0.0,False
0.5,hsDHFR,d62-PEKN,hydride,-0.23681461930954661,-0.27852732868608354,0.0001212272948294743,0.03013237012730626,0.0002726,0.0,False
0.9,FDH,V123A,hydride,-0.39694193865462046,-0.4305807238958236,4.085565741337545e-05,0.014456630407036847,0.0,0.0,False
0.9,FDH,V123G,hydride,-0.32202134690521356,-0.34127971091808085,2.0708808729048033e-05,0.008280104846262954,0.0,0.0,False
0.9,MAOB,pH 6.1,abstraction,-0.17198507701379695,-0.23362498651637537,9.994036415311957e-05,0.07205063783569983,0.1842524,0.0,False
0.9,MAOB,pH 7.5,abstraction,-0.1944240774291992,-0.35531285990390027,9.48720721144108e-05,0.06843989168975537,0.030658799999999996,0.0,False
0.9,TSase,WT,hydride,-0.4610664798144972,-0.48964503955314465,2.453677072760608e-05,0.012448163401199315,0.0,0.0,False
0.9,TSase,WT,proton,-0.2724914014740828,-0.29122632043220226,1.8063910819107825e-05,0.008300708323846214,0.0,0.0,False
0.9,TSase,Y209W,proton,-0.1600380961866379,-0.2794784424605199,0.00012904811903977369,0.048239057566606056,0.0227022,0.0,False
0.9,ecDHFR,F125M,hydride,-0.16805344758000218,-0.20120427672607571,2.820414758560366e-05,0.014194990637855065,0.0,0.0,False
0.9,ecDHFR,G121V-F125M,hydride,-0.07395256315083953,-0.1701237997739813,4.512233338924398e-06,0.0489379963045224,0.2647214,0.0,False
0.9,ecDHFR,M42W-F125M,hydride,-0.10265370195538925,-0.2332389492656711,0.00017451838075736354,0.055769501241561784,0.14024140000000002,0.0,False
0.9,ecDHFR,W133F,hydride,-0.05962344558823851,-0.1347815132133266,4.5024624239323143e-05,0.07732778283639287,0.6095462,0.0,False
0.9,ecDHFR,heavy enzyme,hydride,-0.15761486914159617,-0.2416964868182097,9.631452843615683e-05,0.07743922940552862,0.18494280000000002,0.0,False
0.9,ecDHFR,light enzyme,hydride,-0.07594151931954118,-0.10823701926074518,2.7085012703019543e-05,0.01680711392830565,0.053779,0.0,False
0.9,hsDHFR,F32L,hydride,-0.27837528198666506,-0.33925531271060605,3.963290060968174e-05,0.031210179456755367,8.459999999999998e-05,0.0,False
0.9,hsDHFR,F32L-PP26N-PEKN62G,hydride,-0.693701076650991,-0.7174514799786955,5.2531456133226326e-05,0.010534583247587421,0.0,0.0,False
0.9,hsDHFR,F32M,hydride,-0.878237958085893,-0.9473428944764191,0.0001413650368065678,0.02416707356625472,0.0,0.0,False
0.9,hsDHFR,d26-PPLR-d62-PEKN,hydride,-0.13434795309016634,-0.17372394071123592,5.546684254429899e-05,0.01555323680687829,4.6e-06,0.0,False
0.9,hsDHFR,d62-PEKN,hydride,-0.23681461930954661,-0.2656576167509352,3.903910170805164e-05,0.028434801281991523,0.00011639999999999998,0.0,False
