system,family,variant,step,donor_atom,T_C,K_HT,K_HT_se,K_DT,K_DT_se,source_DOI,PMCID,source_table,L_H,predict_interior,F_min,c_star,interior,F_obs
Candida boidinii formate dehydrogenase,FDH,V123A,hydride,C,5.0,4.96,0.03,1.98,0.02,10.1021/acscatal.9b03345,PMC8118594,Table S2,4.040816326530612,False,-0.6861943194050837,3960000003.96,False,-0.6861943195763236
Candida boidinii formate dehydrogenase,FDH,V123A,hydride,C,15.0,5.17,0.02,1.97,0.01,10.1021/acscatal.9b03345,PMC8118594,Table S2,4.298969072164948,False,-0.6277710498570548,4170000004.17,False,-0.6277710500780622
Candida boidinii formate dehydrogenase,FDH,V123A,hydride,C,25.0,5.54,0.02,1.95,0.01,10.1021/acscatal.9b03345,PMC8118594,Table S2,4.778947368421053,False,-0.5244768350659428,4540000004.54,False,-0.5244768353651883
Candida boidinii formate dehydrogenase,FDH,V123A,hydride,C,35.0,5.61,0.01,1.94,0.01,10.1021/acscatal.9b03345,PMC8118594,Table S2,4.904255319148937,False,-0.4947027563185118,4610000004.610001,False,-0.4947027566356632
Candida boidinii formate dehydrogenase,FDH,V123A,hydride,C,45.0,6.08,0.02,1.93,0.01,10.1021/acscatal.9b03345,PMC8118594,Table S2,5.46236559139785,False,-0.39694193826770086,5080000005.08,False,-0.39694193865462046
Candida boidinii formate dehydrogenase,FDH,V123G,hydride,C,5.0,5.08,0.05,2.09,0.03,10.1021/acscatal.9b03345,PMC8118594,Table S2,3.7431192660550465,False,-0.8433526984104505,4080000004.08,False,-0.8433526985157775
Candida boidinii formate dehydrogenase,FDH,V123G,hydride,C,15.0,5.6,0.1,2.03,0.03,10.1021/acscatal.9b03345,PMC8118594,Table S2,4.466019417475729,False,-0.6483506680964994,4600000004.599999,False,-0.6483506683466456
Candida boidinii formate dehydrogenase,FDH,V123G,hydride,C,25.0,5.62,0.06,2.0,0.02,10.1021/acscatal.9b03345,PMC8118594,Table S2,4.62,False,-0.5949256280209962,4620000004.62,False,-0.5949256282961335
Candida boidinii formate dehydrogenase,FDH,V123G,hydride,C,35.0,5.71,0.01,1.95,0.03,10.1021/acscatal.9b03345,PMC8118594,Table S2,4.957894736842105,False,-0.4942523121319231,4710000004.71,False,-0.49425231245646173
Candida boidinii formate dehydrogenase,FDH,V123G,hydride,C,45.0,6.44,0.08,1.92,0.01,10.1021/acscatal.9b03345,PMC8118594,Table S2,5.91304347826087,False,-0.322021346471566,5440000005.440001,False,-0.32202134690521356
Escherichia coli thymidylate synthase,TSase,Y209W,proton,C,5.0,5.21,0.13,1.93,0.05,10.3390/ijms16047304,PMC4425018,Table S2,4.526881720430108,False,-0.5513667786071932,4210000004.21,False,-0.5513667788674206
Escherichia coli thymidylate synthase,TSase,Y209W,proton,C,15.0,4.97,0.21,1.81,0.02,10.3390/ijms16047304,PMC4425018,Table S2,4.901234567901234,False,-0.38355248650159757,3970000003.97,False,-0.38355248681832776
Escherichia coli thymidylate synthase,TSase,Y209W,proton,C,25.0,3.54,0.05,1.53,0.03,10.3390/ijms16047304,PMC4425018,Table S2,4.7924528301886795,False,-0.16003809588541773,2540000002.54,False,-0.1600380961866379
Escherichia coli thymidylate synthase,TSase,Y209W,proton,C,35.0,1.93,0.09,1.29,0.04,10.3390/ijms16047304,PMC4425018,Table S2,3.2068965517241375,True,-0.19661719951264311,15.382827072215894,True,-0.19524276216377645
Homo sapiens thymidylate synthase,TSase,WT,hydride,C,5.0,2.362,0.0174355957741626,1.49,0.003651483716701,10.1371/journal.pone.0196506,PMC5929524,S3-S6 Tables,2.7795918367346943,True,-0.5039108262080358,5.6183306182534585,True,-0.47593922512661724
Homo sapiens thymidylate synthase,TSase,WT,hydride,C,15.0,2.71,0.0192353840616712,1.566,0.0067823299831252,10.1371/journal.pone.0196506,PMC5929524,S3-S6 Tables,3.0212014134275615,True,-0.5131718964706711,12.255308225346303,True,-0.5051003123419661
Homo sapiens thymidylate synthase,TSase,WT,hydride,C,25.0,3.052,0.013928388277184,1.614,0.0039999999999999,10.1371/journal.pone.0196506,PMC5929524,S3-S6 Tables,3.342019543973941,True,-0.48736035570879577,703.7812664039502,True,-0.48735736597989177
Homo sapiens thymidylate synthase,TSase,WT,hydride,C,35.0,3.4425,0.0165201896679991,1.6599999999999997,0.0083666002653407,10.1371/journal.pone.0196506,PMC5929524,S3-S6 Tables,3.7007575757575775,False,-0.4610664797194106,2442500002.4425,False,-0.4610664798144972
Homo sapiens thymidylate synthase,TSase,WT,proton,C,5.0,1.792,0.0132,1.3675,0.0094,10.1371/journal.pone.0196506,PMC5929524,S3 Table,2.155102040816327,True,-0.6557781493787842,1.5584343207042353,True,-0.4648101368167483
Homo sapiens thymidylate synthase,TSase,WT,proton,C,15.0,1.7975,0.0143,1.3457,0.0037,10.1371/journal.pone.0196506,PMC5929524,S3 Table,2.3069135088226798,True,-0.5368260026697416,1.7974593124372182,True,-0.4079295871986044
Homo sapiens thymidylate synthase,TSase,WT,proton,C,25.0,1.5375,0.0111,1.2325,0.0048,10.1371/journal.pone.0196506,PMC5929524,S3 Table,2.3118279569892484,True,-0.3971117835080016,1.217533286336939,True,-0.2699048032170706
Homo sapiens thymidylate synthase,TSase,WT,proton,C,35.0,1.9058,0.0154,1.3096,0.0052,10.1371/journal.pone.0196506,PMC5929524,S3 Table,2.925710594315244,True,-0.27255387141510945,5.027660448504713,True,-0.2583602239039652
Escherichia coli dihydrofolate reductase,ecDHFR,F125M,hydride,C,5.0,3.07,0.02,1.61,0.01,10.1021/ja411998h,PMC3985941,Table S1-S4,3.3934426229508188,False,-0.47316707138187586,2070000002.07,False,-0.4731670713950118
Escherichia coli dihydrofolate reductase,ecDHFR,F125M,hydride,C,15.0,4.55,0.04,1.76,0.01,10.1021/ja411998h,PMC3985941,Table S1-S4,4.671052631578947,False,-0.37803317834188377,3550000003.5499997,False,-0.37803317862494334
Escherichia coli dihydrofolate reductase,ecDHFR,F125M,hydride,C,25.0,5.2,0.09,1.8,0.01,10.1021/ja411998h,PMC3985941,Table S1-S4,5.25,False,-0.3197603771556867,4200000004.2000003,False,-0.31976037751780795
Escherichia coli dihydrofolate reductase,ecDHFR,F125M,hydride,C,35.0,5.71,0.02,1.81,0.02,10.1021/ja411998h,PMC3985941,Table S1-S4,5.814814814814814,False,-0.24475330283486607,4710000004.71,False,-0.24475330325894618
Escherichia coli dihydrofolate reductase,ecDHFR,F125M,hydride,C,45.0,6.28,0.03,1.82,0.01,10.1021/ja411998h,PMC3985941,Table S1-S4,6.439024390243902,False,-0.16805344710009118,5280000005.280001,False,-0.16805344758000218
Escherichia coli dihydrofolate reductase,ecDHFR,G121V-F125M,hydride,C,5.0,6.33,0.03,1.99,0.01,10.1021/ja411998h,PMC3985941,Table S1-S4,5.383838383838384,False,-0.4591707228559734,5330000005.33,False,-0.4591707232339517
Escherichia coli dihydrofolate reductase,ecDHFR,G121V-F125M,hydride,C,15.0,6.23,0.04,1.92,0.01,10.1021/ja411998h,PMC3985941,Table S1-S4,5.684782608695653,False,-0.3551735538112073,5230000005.2300005,False,-0.35517355422211416
Escherichia coli dihydrofolate reductase,ecDHFR,G121V-F125M,hydride,C,25.0,6.22,0.04,1.85,0.01,10.1021/ja411998h,PMC3985941,Table S1-S4,6.141176470588235,False,-0.23240459951645365,5220000005.219999,False,-0.23240459997113927
Escherichia coli dihydrofolate reductase,ecDHFR,G121V-F125M,hydride,C,35.0,6.08,0.04,1.8,0.003,10.1021/ja411998h,PMC3985941,Table S1-S4,6.35,False,-0.16341430665449508,5080000005.08,False,-0.1634143071271139
Escherichia coli dihydrofolate reductase,ecDHFR,G121V-F125M,hydride,C,45.0,5.71,0.05,1.72,0.03,10.1021/ja411998h,PMC3985941,Table S1-S4,6.541666666666667,False,-0.07395256266276817,4710000004.71,False,-0.07395256315083953
Escherichia coli dihydrofolate reductase,ecDHFR,M42W-F125M,hydride,C,5.0,5.12,0.01,1.91,0.02,10.1021/ja411998h,PMC3985941,Table S1-S4,4.527472527472528,False,-0.5339078550516732,4120000004.12,False,-0.533907855311996
Escherichia coli dihydrofolate reductase,ecDHFR,M42W-F125M,hydride,C,15.0,5.06,0.05,1.82,0.02,10.1021/ja411998h,PMC3985941,Table S1-S4,4.951219512195121,False,-0.38405694443710736,4060000004.0599995,False,-0.3840569447607354
Escherichia coli dihydrofolate reductase,ecDHFR,M42W-F125M,hydride,C,25.0,4.9,0.02,1.77,0.01,10.1021/ja411998h,PMC3985941,Table S1-S4,5.0649350649350655,False,-0.3228990041066966,3900000003.9000006,False,-0.32289900444551
Escherichia coli dihydrofolate reductase,ecDHFR,M42W-F125M,hydride,C,35.0,4.72,0.03,1.71,0.01,10.1021/ja411998h,PMC3985941,Table S1-S4,5.23943661971831,False,-0.2448358138433555,3720000003.72,False,-0.2448358142041902
Escherichia coli dihydrofolate reductase,ecDHFR,M42W-F125M,hydride,C,45.0,4.54,0.03,1.62,0.03,10.1021/ja411998h,PMC3985941,Table S1-S4,5.709677419354838,False,-0.10265370154191378,3540000003.54,False,-0.10265370195538925
Escherichia coli dihydrofolate reductase,ecDHFR,W133F,hydride,C,5.0,2.89,0.05,1.48,0.03,10.1021/ja411998h,PMC3985941,Table S1-S4,3.9375000000000004,False,-0.2516400666264911,1890000001.89,False,-0.25164006677598527
Escherichia coli dihydrofolate reductase,ecDHFR,W133F,hydride,C,25.0,5.04,0.03,1.65,0.02,10.1021/ja411998h,PMC3985941,Table S1-S4,6.215384615384616,False,-0.05962344512704121,4040000004.04,False,-0.05962344558823851
Escherichia coli dihydrofolate reductase,ecDHFR,W133F,hydride,C,45.0,5.02,0.07,1.65,0.07,10.1021/ja411998h,PMC3985941,Table S1-S4,6.184615384615385,False,-0.06359959350936117,4020000004.0199995,False,-0.06359959396787795
Escherichia coli dihydrofolate reductase,ecDHFR,heavy enzyme,hydride,C,5.0,2.4,0.05,1.5,0.02,10.1021/ja501936d,PMC4063187,Table S1,2.8,True,-0.5080661113532043,5.991838798971438,True,-0.48237973310964555
Escherichia coli dihydrofolate reductase,ecDHFR,heavy enzyme,hydride,C,15.0,3.29,0.04,1.61,0.05,10.1021/ja501936d,PMC4063187,Table S1,3.754098360655737,False,-0.4039570681088933,2290000002.29,False,-0.40395706821683697
Escherichia coli dihydrofolate reductase,ecDHFR,heavy enzyme,hydride,C,25.0,4.1,0.03,1.64,0.04,10.1021/ja501936d,PMC4063187,Table S1,4.84375,False,-0.24568464060012118,3100000003.0999994,False,-0.24568464090874276
Escherichia coli dihydrofolate reductase,ecDHFR,heavy enzyme,hydride,C,35.0,4.91,0.04,1.69,0.02,10.1021/ja501936d,PMC4063187,Table S1,5.666666666666667,False,-0.16597178910621824,3910000003.9100003,False,-0.16597178951524172
Escherichia coli dihydrofolate reductase,ecDHFR,heavy enzyme,hydride,C,45.0,5.05,0.06,1.7,0.07,10.1021/ja501936d,PMC4063187,Table S1,5.785714285714286,False,-0.1576148687204122,4050000004.0499997,False,-0.15761486914159617
Escherichia coli dihydrofolate reductase,ecDHFR,light enzyme,hydride,C,5.0,3.1,0.1,1.51,0.02,10.1021/ja501936d,PMC4063187,Table S1,4.11764705882353,False,-0.24869804453391864,2100000002.1000001,False,-0.24869804472062262
Escherichia coli dihydrofolate reductase,ecDHFR,light enzyme,hydride,C,10.0,3.69,0.03,1.57,0.03,10.1021/ja501936d,PMC4063187,Table S1,4.719298245614034,False,-0.20496552001373125,2690000002.69,False,-0.20496552030411985
Escherichia coli dihydrofolate reductase,ecDHFR,light enzyme,hydride,C,15.0,4.76,0.04,1.63,0.01,10.1021/ja501936d,PMC4063187,Table S1,5.968253968253969,False,-0.07594151888065426,3760000003.7599998,False,-0.07594151931954118
Escherichia coli dihydrofolate reductase,ecDHFR,light enzyme,hydride,C,25.0,4.85,0.09,1.66,0.03,10.1021/ja501936d,PMC4063187,Table S1,5.833333333333334,False,-0.1182857260598702,3850000003.8499994,False,-0.11828572648577906
Escherichia coli dihydrofolate reductase,ecDHFR,light enzyme,hydride,C,35.0,4.8,0.1,1.66,0.01,10.1021/ja501936d,PMC4063187,Table S1,5.757575757575758,False,-0.12864851310297065,3800000003.7999997,False,-0.12864851352132556
Escherichia coli dihydrofolate reductase,ecDHFR,light enzyme,hydride,C,45.0,4.8,0.1,1.65,0.02,10.1021/ja501936d,PMC4063187,Table S1,5.846153846153847,False,-0.10841360933050304,3800000003.7999997,False,-0.10841360975767045
Homo sapiens dihydrofolate reductase,hsDHFR,F32L,hydride,C,5.0,1.91,0.03,1.41,0.04,10.1021/acs.biochem.1c00558,PMC8697555,Table S2-S6,2.2195121951219514,True,-0.6656679939590466,1.892860654328975,True,-0.5035327688917052
Homo sapiens dihydrofolate reductase,hsDHFR,F32L,hydride,C,15.0,2.0,0.05,1.39,0.01,10.1021/acs.biochem.1c00558,PMC8697555,Table S2-S6,2.5641025641025648,True,-0.4705524843030908,2.99321888173069,True,-0.4096470683997232
Homo sapiens dihydrofolate reductase,hsDHFR,F32L,hydride,C,25.0,1.93,0.14,1.36,0.06,10.1021/acs.biochem.1c00558,PMC8697555,Table S2-S6,2.5833333333333326,True,-0.429429954097196,2.854146836799076,True,-0.3722051716901694
Homo sapiens dihydrofolate reductase,hsDHFR,F32L,hydride,C,35.0,1.9,0.01,1.31,0.01,10.1021/acs.biochem.1c00558,PMC8697555,Table S2-S6,2.903225806451612,True,-0.27837528185062976,4.743288771769412,True,-0.2624309164316121
Homo sapiens dihydrofolate reductase,hsDHFR,F32L-PP26N-PEKN62G,hydride,C,5.0,1.97,0.02,1.44,0.01,10.1021/acs.biochem.1c00558,PMC8697555,Table S2-S6,2.2045454545454546,True,-0.7115893503280057,1.9912265726700153,True,-0.5431075225333908
Homo sapiens dihydrofolate reductase,hsDHFR,F32L-PP26N-PEKN62G,hydride,C,15.0,3.01,0.05,1.7,0.01,10.1021/acs.biochem.1c00558,PMC8697555,Table S2-S6,2.8714285714285714,True,-0.6937010766500802,9.888725054609715,True,-0.6750630336680803
Homo sapiens dihydrofolate reductase,hsDHFR,F32L-PP26N-PEKN62G,hydride,C,25.0,3.1,0.02,1.75,0.01,10.1021/acs.biochem.1c00558,PMC8697555,Table S2-S6,2.8000000000000003,True,-0.7683627669736339,8.987758198457158,True,-0.7426763887300747
Homo sapiens dihydrofolate reductase,hsDHFR,F32L-PP26N-PEKN62G,hydride,C,35.0,3.42,0.02,1.78,0.01,10.1021/acs.biochem.1c00558,PMC8697555,Table S2-S6,3.102564102564102,True,-0.7057268163727397,23.082405900178127,True,-0.7013605612583171
Homo sapiens dihydrofolate reductase,hsDHFR,F32M,hydride,C,5.0,1.89,0.04,1.48,0.01,10.1021/acs.biochem.1c00558,PMC8697555,Table S2-S6,1.8541666666666665,True,-1.0725384323309146,1.3984356028044522,True,-0.676319739828775
Homo sapiens dihydrofolate reductase,hsDHFR,F32M,hydride,C,15.0,2.29,0.04,1.6,0.01,10.1021/acs.biochem.1c00558,PMC8697555,Table S2-S6,2.15,True,-0.9388557924634668,2.5271985655458225,True,-0.7454275368136837
Homo sapiens dihydrofolate reductase,hsDHFR,F32M,hydride,C,25.0,1.85,0.03,1.43,0.01,10.1021/acs.biochem.1c00558,PMC8697555,Table S2-S6,1.976744186046512,True,-0.878237945558112,1.4548761532985477,True,-0.5826182837785725
Homo sapiens dihydrofolate reductase,hsDHFR,F32M,hydride,C,35.0,2.66,0.06,1.7,0.02,10.1021/acs.biochem.1c00558,PMC8697555,Table S2-S6,2.371428571428572,True,-0.9067626362909411,3.989488337880989,True,-0.7986769896352568
Homo sapiens dihydrofolate reductase,hsDHFR,d26-PPLR-d62-PEKN,hydride,C,5.0,3.96,0.02,1.57,0.01,10.1021/acs.biochem.1c00558,PMC8697555,Table S2-S6,5.19298245614035,False,-0.13434795273504974,2960000002.96,False,-0.13434795309016634
Homo sapiens dihydrofolate reductase,hsDHFR,d26-PPLR-d62-PEKN,hydride,C,15.0,3.6,0.02,1.54,0.01,10.1021/acs.biochem.1c00558,PMC8697555,Table S2-S6,4.814814814814815,False,-0.16504777384071434,2600000002.6,False,-0.16504777414518057
Homo sapiens dihydrofolate reductase,hsDHFR,d26-PPLR-d62-PEKN,hydride,C,25.0,3.39,0.01,1.52,0.01,10.1021/acs.biochem.1c00558,PMC8697555,Table S2-S6,4.596153846153846,False,-0.18137504341256117,2390000002.3900003,False,-0.18137504368393764
Homo sapiens dihydrofolate reductase,hsDHFR,d26-PPLR-d62-PEKN,hydride,C,35.0,3.17,0.03,1.5,0.02,10.1021/acs.biochem.1c00558,PMC8697555,Table S2-S6,4.34,False,-0.20411688234598446,2170000002.17,False,-0.20411688257435623
Homo sapiens dihydrofolate reductase,hsDHFR,d26-PPLR-d62-PEKN,hydride,C,45.0,3.02,0.01,1.48,0.01,10.1021/acs.biochem.1c00558,PMC8697555,Table S2-S6,4.208333333333334,False,-0.20763973730931795,2020000002.02,False,-0.2076397375135477
Homo sapiens dihydrofolate reductase,hsDHFR,d62-PEKN,hydride,C,5.0,4.13,0.02,1.64,0.02,10.1021/acs.biochem.1c00558,PMC8697555,Table S2-S6,4.890625000000001,False,-0.2383942073308154,3130000003.13,False,-0.23839420764606345
Homo sapiens dihydrofolate reductase,hsDHFR,d62-PEKN,hydride,C,15.0,3.97,0.04,1.62,0.01,10.1021/acs.biochem.1c00558,PMC8697555,Table S2-S6,4.790322580645161,False,-0.23681461900863643,2970000002.9700003,False,-0.23681461930954661
Homo sapiens dihydrofolate reductase,hsDHFR,d62-PEKN,hydride,C,25.0,3.77,0.03,1.6,0.03,10.1021/acs.biochem.1c00558,PMC8697555,Table S2-S6,4.616666666666666,False,-0.24690435264529875,2770000002.77,False,-0.24690435291991264
Homo sapiens dihydrofolate reductase,hsDHFR,d62-PEKN,hydride,C,35.0,3.53,0.02,1.57,0.01,10.1021/acs.biochem.1c00558,PMC8697555,Table S2-S6,4.438596491228069,False,-0.24929410716583789,2530000002.5299997,False,-0.24929410741135016
Homo sapiens dihydrofolate reductase,hsDHFR,d62-PEKN,hydride,C,45.0,3.4,0.03,1.55,0.02,10.1021/acs.biochem.1c00558,PMC8697555,Table S2-S6,4.363636363636363,False,-0.24388177400095445,2400000002.4,False,-0.24388177423350554
Monoamine oxidase B (p-methoxybenzylamine),MAOB,pH 7.5,abstraction,C,2.0,13.03,0.51,2.707,0.04,10.1021/bi00253a026,,Table 1,7.047451669595782,False,-0.7676840927394983,12030000012.029999,False,-0.7676840932643101
Monoamine oxidase B (p-methoxybenzylamine),MAOB,pH 7.5,abstraction,C,25.0,21.43,0.81,2.703,0.102,10.1021/bi00253a026,,Table 1,11.996476805637112,False,-0.26519456033990174,20430000020.43,False,-0.2651945610607478
Monoamine oxidase B (p-methoxybenzylamine),MAOB,pH 7.5,abstraction,C,43.2,16.87,0.35,2.464,0.069,10.1021/bi00253a026,,Table 1,10.840163934426231,False,-0.1944240767381311,15870000015.87,False,-0.1944240774291992
Monoamine oxidase B (p-methoxybenzylamine),MAOB,pH 6.1,abstraction,C,10.0,28.89,1.1,2.896,0.132,10.1021/bi00253a026,,Table 3,14.709915611814347,False,-0.19745616605621352,27890000027.89,False,-0.19745616682855305
Monoamine oxidase B (p-methoxybenzylamine),MAOB,pH 6.1,abstraction,C,15.0,27.59,0.7,2.892,0.054,10.1021/bi00253a026,,Table 3,14.053911205073996,False,-0.2388695889056649,26590000026.59,False,-0.23886958966737826
Monoamine oxidase B (p-methoxybenzylamine),MAOB,pH 6.1,abstraction,C,25.0,21.98,1.16,2.69,0.086,10.1021/bi00253a026,,Table 3,12.414201183431953,False,-0.2237082892564768,20980000020.98,False,-0.2237082899867162
Monoamine oxidase B (p-methoxybenzylamine),MAOB,pH 6.1,abstraction,C,30.0,21.49,0.95,2.631,0.044,10.1021/bi00253a026,,Table 3,12.562844880441448,False,-0.17198507628036586,20490000020.489998,False,-0.17198507701379695
Monoamine oxidase B (p-methoxybenzylamine),MAOB,pH 6.1,abstraction,C,35.0,18.52,0.99,2.569,0.07,10.1021/bi00253a026,,Table 3,11.166347992351817,False,-0.2408601902437697,17520000017.52,False,-0.24086019094386257
Monoamine oxidase B (p-methoxybenzylamine),MAOB,pH 6.1,abstraction,C,40.0,17.42,0.4,2.509,0.067,10.1021/bi00253a026,,Table 3,10.881378396288936,False,-0.22295052817693595,16420000016.420002,False,-0.2229505288691742
Monoamine oxidase B (p-methoxybenzylamine),MAOB,pH 6.1,abstraction,C,43.0,17.02,0.52,2.507,0.133,10.1021/bi00253a026,,Table 3,10.630391506303914,False,-0.24350982896607798,16020000016.02,False,-0.2435098296510505
