family,variant,step,n_T,bound,any_interior
ecDHFR,W133F,hydride,3,-0.05962344512704121,False
ecDHFR,G121V-F125M,hydride,5,-0.07395256266276817,False
ecDHFR,light enzyme,hydride,6,-0.07594151888065426,False
ecDHFR,M42W-F125M,hydride,5,-0.10265370154191378,False
hsDHFR,d26-PPLR-d62-PEKN,hydride,5,-0.13434795273504974,False
ecDHFR,heavy enzyme,hydride,5,-0.1576148687204122,True
TSase,Y209W,proton,4,-0.16003809588541773,True
ecDHFR,F125M,hydride,5,-0.16805344710009118,False
hsDHFR,d62-PEKN,hydride,5,-0.23681461900863643,False
TSase,WT,proton,4,-0.27255387141510945,True
hsDHFR,F32L,hydride,4,-0.27837528185062976,True
FDH,V123G,hydride,5,-0.322021346471566,False
FDH,V123A,hydride,5,-0.39694193826770086,False
TSase,WT,hydride,4,-0.4610664797194106,True
hsDHFR,F32L-PP26N-PEKN62G,hydride,4,-0.6937010766500802,True
hsDHFR,F32M,hydride,4,-0.878237945558112,True
