family,system,variant,step,n_T,chi2_min,F_hat,F_lo,F_hi,width,open_interval,excludes_semiclassical,excludes_ridge,dof,p_fit,adequate,w_rel
FDH,Candida boidinii formate dehydrogenase,V123A,hydride,5,145.58271819729853,1.5000000000000029,1.0800000000000023,1.5000000000000029,0.4200000000000004,True,True,True,5,0.0,False,9.979543001597689
FDH,Candida boidinii formate dehydrogenase,V123G,hydride,5,57.399558344403616,1.5000000000000029,0.7300000000000022,1.5000000000000029,0.7700000000000005,True,True,True,5,4.1833092545573436e-11,False,18.295828836262427
MAOB,Monoamine oxidase B (p-methoxybenzylamine),pH 6.1,abstraction,7,2.2863047755946715,-0.2099999999999988,-0.2799999999999989,1.5000000000000029,1.7800000000000016,True,False,False,9,0.9860895111016845,True,42.29425367343783
MAOB,Monoamine oxidase B (p-methoxybenzylamine),pH 7.5,abstraction,3,0.221225431253916,-0.2099999999999988,-0.3299999999999989,-0.0299999999999986,0.3000000000000002,False,True,False,1,0.6381077834198942,True,7.128245001141205
TSase,Escherichia coli thymidylate synthase,Y209W,proton,4,4.638591721306331,-0.1399999999999988,-0.2299999999999988,-0.0299999999999986,0.2000000000000001,False,True,False,3,0.20025637902495352,True,4.752163334094136
TSase,Homo sapiens thymidylate synthase,WT,hydride,4,2.987679412457343,-0.0899999999999987,-0.4899999999999991,1.5000000000000029,1.9900000000000015,True,False,False,3,0.39352867186556184,True,47.28402517423667
TSase,Homo sapiens thymidylate synthase,WT,proton,4,736.674403584316,1.5000000000000029,0.7700000000000022,1.5000000000000029,0.7300000000000004,True,True,True,3,0.0,False,17.345396169443596
ecDHFR,Escherichia coli dihydrofolate reductase,F125M,hydride,5,82.65859024252048,-0.2899999999999989,-0.2999999999999989,-0.2699999999999989,0.03,False,True,True,5,2.220446049250313e-16,False,0.71282450011412
ecDHFR,Escherichia coli dihydrofolate reductase,G121V-F125M,hydride,5,9.845601539963075,0.2200000000000015,0.1000000000000014,0.4600000000000017,0.3600000000000003,False,True,True,5,0.07973014880519913,True,8.553894001369448
ecDHFR,Escherichia coli dihydrofolate reductase,M42W-F125M,hydride,5,2.112995178303793,0.2800000000000016,0.0500000000000013,0.6400000000000019,0.5900000000000005,False,True,True,5,0.8332994443556861,True,14.018881835577707
ecDHFR,Escherichia coli dihydrofolate reductase,W133F,hydride,3,0.0116166919842166,-0.0499999999999987,-0.1299999999999987,0.1600000000000014,0.2900000000000002,False,False,False,1,0.9141696061573857,True,6.890636834436498
ecDHFR,Escherichia coli dihydrofolate reductase,heavy enzyme,hydride,5,10.01337832910686,0.1000000000000014,-0.0499999999999987,0.2600000000000015,0.3100000000000003,False,False,False,5,0.07485706340463483,True,7.365853167845914
ecDHFR,Escherichia coli dihydrofolate reductase,light enzyme,hydride,6,62.64912021768329,-0.0699999999999987,-0.0999999999999987,-0.0399999999999987,0.06,False,True,False,7,4.4561354606287296e-11,False,1.42564900022824
hsDHFR,Homo sapiens dihydrofolate reductase,F32L,hydride,4,0.2694062992733859,-0.2199999999999988,-0.3399999999999989,1.5000000000000029,1.8400000000000016,True,False,False,3,0.965675742085946,True,43.71990267366607
hsDHFR,Homo sapiens dihydrofolate reductase,F32L-PP26N-PEKN62G,hydride,4,13.959055701900926,-0.7099999999999993,-0.7299999999999993,-0.6899999999999993,0.04,False,True,True,3,0.0029614180311058336,False,0.9504326668188268
hsDHFR,Homo sapiens dihydrofolate reductase,F32M,hydride,4,400.6970755623869,-0.6999999999999993,-0.7299999999999993,-0.6799999999999993,0.05,False,True,True,3,0.0,False,1.1880408335235335
hsDHFR,Homo sapiens dihydrofolate reductase,d26-PPLR-d62-PEKN,hydride,5,9.126457325569527,1.5000000000000029,0.3500000000000016,1.5000000000000029,1.150000000000001,True,True,True,5,0.10412526965612401,True,27.324939171041294
hsDHFR,Homo sapiens dihydrofolate reductase,d62-PEKN,hydride,5,2.488085857093438,-0.2399999999999988,-0.2599999999999989,1.5000000000000029,1.7600000000000016,True,False,False,5,0.7782882861484022,True,41.81903734002841
