family,system,variant,step,n_T,chi2_min,F_hat,F_lo,F_hi,width,open_interval,excludes_semiclassical,excludes_ridge
FDH,Candida boidinii formate dehydrogenase,V123A,hydride,5,145.58271819729853,1.5000000000000027,1.0800000000000023,1.5000000000000027,0.4200000000000004,True,True,True
FDH,Candida boidinii formate dehydrogenase,V123G,hydride,5,57.399558344403616,1.5000000000000027,0.7300000000000022,1.5000000000000027,0.7700000000000005,True,True,True
MAOB,Monoamine oxidase B (p-methoxybenzylamine),pH 6.1,abstraction,7,2.2863047755946715,-0.20999999999999885,-0.2799999999999989,1.5000000000000027,1.7800000000000016,True,False,False
MAOB,Monoamine oxidase B (p-methoxybenzylamine),pH 7.5,abstraction,3,0.22122543125391603,-0.20999999999999885,-0.32999999999999896,-0.029999999999998694,0.30000000000000027,False,True,False
TSase,Escherichia coli thymidylate synthase,Y209W,proton,4,4.638591721306331,-0.1399999999999988,-0.22999999999999887,-0.029999999999998694,0.20000000000000018,False,True,False
TSase,Homo sapiens thymidylate synthase,WT,hydride,4,2.987679412457343,-0.08999999999999875,-0.4899999999999991,1.5000000000000027,1.9900000000000018,True,False,False
TSase,Homo sapiens thymidylate synthase,WT,proton,4,736.674403584316,1.5000000000000027,0.7700000000000022,1.5000000000000027,0.7300000000000004,True,True,True
ecDHFR,Escherichia coli dihydrofolate reductase,F125M,hydride,5,82.65859024252048,-0.2899999999999989,-0.29999999999999893,-0.2699999999999989,0.030000000000000027,False,True,True
ecDHFR,Escherichia coli dihydrofolate reductase,G121V-F125M,hydride,5,9.845601539963077,0.22000000000000153,0.10000000000000142,0.46000000000000174,0.3600000000000003,False,True,True
ecDHFR,Escherichia coli dihydrofolate reductase,M42W-F125M,hydride,5,2.1129951783037932,0.2800000000000016,0.05000000000000138,0.6400000000000019,0.5900000000000005,False,True,True
ecDHFR,Escherichia coli dihydrofolate reductase,W133F,hydride,3,0.01161669198421662,-0.04999999999999871,-0.12999999999999878,0.16000000000000147,0.29000000000000026,False,False,False
ecDHFR,Escherichia coli dihydrofolate reductase,heavy enzyme,hydride,5,10.013378329106859,0.10000000000000142,-0.04999999999999871,0.26000000000000156,0.3100000000000003,False,False,False
ecDHFR,Escherichia coli dihydrofolate reductase,light enzyme,hydride,6,62.64912021768329,-0.06999999999999873,-0.09999999999999876,-0.0399999999999987,0.06000000000000005,False,True,False
hsDHFR,Homo sapiens dihydrofolate reductase,F32L,hydride,4,0.2694062992733859,-0.21999999999999886,-0.33999999999999897,1.5000000000000027,1.8400000000000016,True,False,False
hsDHFR,Homo sapiens dihydrofolate reductase,F32L-PP26N-PEKN62G,hydride,4,13.959055701900926,-0.7099999999999993,-0.7299999999999993,-0.6899999999999993,0.040000000000000036,False,True,True
hsDHFR,Homo sapiens dihydrofolate reductase,F32M,hydride,4,400.6970755623869,-0.6999999999999993,-0.7299999999999993,-0.6799999999999993,0.050000000000000044,False,True,True
hsDHFR,Homo sapiens dihydrofolate reductase,d26-PPLR-d62-PEKN,hydride,5,9.126457325569529,1.5000000000000027,0.35000000000000164,1.5000000000000027,1.150000000000001,True,True,True
hsDHFR,Homo sapiens dihydrofolate reductase,d62-PEKN,hydride,5,2.488085857093438,-0.23999999999999888,-0.2599999999999989,1.5000000000000027,1.7600000000000016,True,False,False
