family,variant,step,T_C,K_HT,K_DT,E_star
FDH,V123A,hydride,5.0,4.96,1.98,1.4783969181025962
FDH,V123A,hydride,15.0,5.17,1.97,1.5079754649656756
FDH,V123A,hydride,25.0,5.54,1.95,1.5597725791129047
FDH,V123A,hydride,35.0,5.61,1.94,1.5715691266753251
FDH,V123A,hydride,45.0,6.08,1.93,1.6299136193918193
FDH,V123G,hydride,5.0,5.08,2.09,1.4595342482871525
FDH,V123G,hydride,15.0,5.6,2.03,1.540348576220705
FDH,V123G,hydride,25.0,5.62,2.0,1.5524978626044335
FDH,V123G,hydride,35.0,5.71,1.95,1.5799729622207597
FDH,V123G,hydride,45.0,6.44,1.92,1.6740212928187082
TSase,Y209W,proton,5.0,5.21,1.93,1.5262024738337956
TSase,Y209W,proton,15.0,4.97,1.81,1.5373101761745025
TSase,Y209W,proton,25.0,3.54,1.53,1.4292267312616331
TSase,Y209W,proton,35.0,1.93,1.29,1.1871079970246818
TSase,WT,hydride,5.0,2.362,1.49,1.2167106705618649
TSase,WT,hydride,15.0,2.71,1.566,1.2629933288094752
TSase,WT,hydride,25.0,3.052,1.614,1.3115758686957475
TSase,WT,hydride,35.0,3.4425,1.6599999999999997,1.3641402960804936
TSase,WT,proton,5.0,1.792,1.3675,1.1219825440242999
TSase,WT,proton,15.0,1.7975,1.3457,1.131159811657352
TSase,WT,proton,25.0,1.5375,1.2325,1.0987092574180983
TSase,WT,proton,35.0,1.9058,1.3096,1.1731919147646785
ecDHFR,F125M,hydride,5.0,3.07,1.61,1.3162533296388115
ecDHFR,F125M,hydride,15.0,4.55,1.76,1.4983597195669547
ecDHFR,F125M,hydride,25.0,5.2,1.8,1.5709063559067222
ecDHFR,F125M,hydride,35.0,5.71,1.81,1.6308905872549226
ecDHFR,F125M,hydride,45.0,6.28,1.82,1.6943342357072484
ecDHFR,G121V-F125M,hydride,5.0,6.33,1.99,1.6366452068134623
ecDHFR,G121V-F125M,hydride,15.0,6.23,1.92,1.6505598954626222
ecDHFR,G121V-F125M,hydride,25.0,6.22,1.85,1.675719014232755
ecDHFR,G121V-F125M,hydride,35.0,6.08,1.8,1.6790280784282894
ecDHFR,G121V-F125M,hydride,45.0,5.71,1.72,1.6666905060308848
ecDHFR,M42W-F125M,hydride,5.0,5.12,1.91,1.5216553078935118
ecDHFR,M42W-F125M,hydride,15.0,5.06,1.82,1.545471651294449
ecDHFR,M42W-F125M,hydride,25.0,4.9,1.77,1.5426618536376904
ecDHFR,M42W-F125M,hydride,35.0,4.72,1.71,1.540732011157394
ecDHFR,M42W-F125M,hydride,45.0,4.54,1.62,1.5507251197877279
ecDHFR,W133F,hydride,5.0,2.89,1.48,1.329641728195459
ecDHFR,W133F,hydride,25.0,5.04,1.65,1.6086436395070374
ecDHFR,W133F,hydride,45.0,5.02,1.65,1.6059228397348408
ecDHFR,heavy enzyme,hydride,5.0,2.4,1.5,1.221522546535457
ecDHFR,heavy enzyme,hydride,15.0,3.29,1.61,1.355614142076548
ecDHFR,heavy enzyme,hydride,25.0,4.1,1.64,1.4771272135891902
ecDHFR,heavy enzyme,hydride,35.0,4.91,1.69,1.5747053094836927
ecDHFR,heavy enzyme,hydride,45.0,5.05,1.7,1.5896688504911674
ecDHFR,light enzyme,hydride,5.0,3.1,1.51,1.3582941624992222
ecDHFR,light enzyme,hydride,10.0,3.69,1.57,1.4388067942349494
ecDHFR,light enzyme,hydride,15.0,4.76,1.63,1.5781430617318628
ecDHFR,light enzyme,hydride,25.0,4.85,1.66,1.5784746323871144
ecDHFR,light enzyme,hydride,35.0,4.8,1.66,1.571526018115756
ecDHFR,light enzyme,hydride,45.0,4.8,1.65,1.5755738764421754
hsDHFR,F32L,hydride,5.0,1.91,1.41,1.1379370636794732
hsDHFR,F32L,hydride,15.0,2.0,1.39,1.167543204583712
hsDHFR,F32L,hydride,25.0,1.93,1.36,1.1606997779020884
hsDHFR,F32L,hydride,35.0,1.9,1.31,1.1715181959632048
hsDHFR,F32L-PP26N-PEKN62G,hydride,5.0,1.97,1.44,1.1427321190755553
hsDHFR,F32L-PP26N-PEKN62G,hydride,15.0,3.01,1.7,1.2753603257257946
hsDHFR,F32L-PP26N-PEKN62G,hydride,25.0,3.1,1.75,1.275617988027367
hsDHFR,F32L-PP26N-PEKN62G,hydride,35.0,3.42,1.78,1.3205099956330468
hsDHFR,F32M,hydride,5.0,1.89,1.48,1.1097198067855079
hsDHFR,F32M,hydride,15.0,2.29,1.6,1.164914079349225
hsDHFR,F32M,hydride,25.0,1.85,1.43,1.115867486537522
hsDHFR,F32M,hydride,35.0,2.66,1.7,1.2099773941906038
hsDHFR,d26-PPLR-d62-PEKN,hydride,5.0,3.96,1.57,1.482720663590402
hsDHFR,d26-PPLR-d62-PEKN,hydride,15.0,3.6,1.54,1.4355031644041336
hsDHFR,d26-PPLR-d62-PEKN,hydride,25.0,3.39,1.52,1.4070456407868992
hsDHFR,d26-PPLR-d62-PEKN,hydride,35.0,3.17,1.5,1.375152921339257
hsDHFR,d26-PPLR-d62-PEKN,hydride,45.0,3.02,1.48,1.354784104846577
hsDHFR,d62-PEKN,hydride,5.0,4.13,1.64,1.481719057148284
hsDHFR,d62-PEKN,hydride,15.0,3.97,1.62,1.4646339326016078
hsDHFR,d62-PEKN,hydride,25.0,3.77,1.6,1.4403515850674258
hsDHFR,d62-PEKN,hydride,35.0,3.53,1.57,1.4119077761633265
hsDHFR,d62-PEKN,hydride,45.0,3.4,1.55,1.3971373122078112
