family,variant,step,F_min_E1p0,F_min_E1p1,F_min_E1p2,E_star_min
FDH,V123A,hydride,-0.39694193865462046,-0.39694193865462046,-0.39694193865462046,1.4783969181025962
FDH,V123G,hydride,-0.32202134690521356,-0.32202134690521356,-0.32202134690521356,1.4595342482871525
MAOB,pH 6.1,abstraction,-0.17198507701379695,-0.17198507701379695,-0.17198507701379695,2.2601147925054543
MAOB,pH 7.5,abstraction,-0.1944240774291992,-0.1944240774291992,-0.1944240774291992,1.9523021541743681
TSase,WT,hydride,-0.4610664798144972,-0.47350654583223095,-0.6039695191901557,1.2167106705618649
TSase,WT,proton,-0.2724914014691966,-0.5241185522547132,-48.93449128054324,1.0987092574180983
TSase,Y209W,proton,-0.1600380961866379,-0.1600380961866379,-0.1600380961866379,1.1871079970246818
ecDHFR,F125M,hydride,-0.16805344758000218,-0.16805344758000218,-0.16805344758000218,1.3162533296388115
ecDHFR,G121V-F125M,hydride,-0.07395256315083953,-0.07395256315083953,-0.07395256315083953,1.6366452068134623
ecDHFR,M42W-F125M,hydride,-0.10265370195538925,-0.10265370195538925,-0.10265370195538925,1.5216553078935118
ecDHFR,W133F,hydride,-0.05962344558823851,-0.05962344558823851,-0.05962344558823851,1.329641728195459
ecDHFR,heavy enzyme,hydride,-0.15761486914159617,-0.15761486914159617,-0.15761486914159617,1.221522546535457
ecDHFR,light enzyme,hydride,-0.07594151931954118,-0.07594151931954118,-0.07594151931954118,1.3582941624992222
hsDHFR,F32L,hydride,-0.27837528197689954,-0.5455141423494476,-49.04838735921929,1.1379370636794732
hsDHFR,F32L-PP26N-PEKN62G,hydride,-0.6937010766373373,-0.8002881568651141,-1.1816092218075398,1.1427321190755553
hsDHFR,F32M,hydride,-0.8782379580497752,-1.3568980428879471,-5.318350608761231,1.1097198067855079
hsDHFR,d26-PPLR-d62-PEKN,hydride,-0.13434795309016634,-0.13434795309016634,-0.13434795309016634,1.354784104846577
hsDHFR,d62-PEKN,hydride,-0.23681461930954661,-0.23681461930954661,-0.23695442991605442,1.3971373122078112
