family,variant,source,K_HT,K_DT,L_H,gamma_obs,gamma_se,gamma_lcb,exp_pub,exp_pub_se,robust_334,robust_48
YADH,wild type,Cha1989,1.35,1.03,11.666666666666659,10.152799494309209,2.035846818819604,6.80383147735096,10.2,2.4,True,True
LADH,wild type,Bahnson1993,1.335,1.073,4.589041095890414,4.100732217116861,0.4350993532943502,3.384993780947655,4.1,0.44,True,False
LADH,ESE chimera,Bahnson1993,1.332,1.075,4.42666666666667,3.964034148146681,0.15849929369526747,3.703302810017966,3.96,0.16,True,False
LADH,L57V,Bahnson1993,1.332,1.065,5.107692307692313,4.552322134184271,0.7474926714773739,3.322696689603991,4.55,0.75,False,False
LADH,L57F,Bahnson1993,1.318,1.033,9.636363636363662,8.50444510014394,1.0273937433623577,6.8143823923128615,8.5,0.99,True,True
LADH,F93W,Bahnson1993,1.333,1.048,6.937499999999993,6.1307605995986565,0.5031925288220219,5.3030088896864305,6.13,0.5,True,True
LADH,V203L,Bahnson1997,1.38,1.074,5.135135135135129,4.51160550251437,0.24077871433675582,4.115524517430407,4.5,0.2,True,False
LADH,V203A,Bahnson1997,1.316,1.058,5.448275862068962,4.87043648321642,0.336461187522457,4.316957829741979,4.9,0.3,True,False
LADH,V203A-F93W,Bahnson1997,1.325,1.075,4.333333333333336,3.891176508781607,0.20450821270345126,3.5547604988844297,3.9,0.2,True,False
LADH,V203G,Bahnson1997,1.358,1.097,3.690721649484538,3.3054194783566793,0.23453160321173394,2.919614991073377,3.3,0.2,False,False
